[
    {
        "name": "APPLE iPhone 13 (Green, 128 GB)",
        "price": "\u20b959,999",
        "rating": "4.7",
        "company": "Flipkart"
    },
    {
        "name": "APPLE iPhone 13 (Starlight, 128 GB)",
        "price": "\u20b959,999",
        "rating": "4.7",
        "company": "Flipkart"
    },
    {
        "name": "APPLE iPhone 13 (Midnight, 128 GB)",
        "price": "\u20b959,999",
        "rating": "4.7",
        "company": "Flipkart"
    },
    {
        "name": "APPLE iPhone 13 (Blue, 128 GB)",
        "price": "\u20b959,999",
        "rating": "4.7",
        "company": "Flipkart"
    },
    {
        "name": "APPLE iPhone 13 (Pink, 128 GB)",
        "price": "\u20b959,999",
        "rating": "4.7",
        "company": "Flipkart"
    },
    {
        "name": "APPLE iPhone 13 (Green, 256 GB)",
        "price": "\u20b969,999",
        "rating": "4.7",
        "company": "Flipkart"
    },
    {
        "name": "APPLE iPhone 13 ((PRODUCT)RED, 128 GB)",
        "price": "\u20b959,999",
        "rating": "4.7",
        "company": "Flipkart"
    },
    {
        "name": "APPLE iPhone 13 (Starlight, 256 GB)",
        "price": "\u20b969,999",
        "rating": "4.7",
        "company": "Flipkart"
    },
    {
        "name": "APPLE iPhone 13 (Midnight, 256 GB)",
        "price": "\u20b969,999",
        "rating": "4.7",
        "company": "Flipkart"
    },
    {
        "name": "APPLE iPhone 13 (Blue, 256 GB)",
        "price": "\u20b969,999",
        "rating": "4.7",
        "company": "Flipkart"
    },
    {
        "name": "APPLE iPhone 13 ((PRODUCT)RED, 512 GB)",
        "price": "\u20b989,999",
        "rating": "4.7",
        "company": "Flipkart"
    },
    {
        "name": "APPLE iPhone 13 (Blue, 512 GB)",
        "price": "\u20b989,999",
        "rating": "4.7",
        "company": "Flipkart"
    },
    {
        "name": "APPLE iPhone 13 ((PRODUCT)RED, 256 GB)",
        "price": "\u20b969,999",
        "rating": "4.7",
        "company": "Flipkart"
    },
    {
        "name": "APPLE iPhone 13 (Pink, 256 GB)",
        "price": "\u20b969,999",
        "rating": "4.7",
        "company": "Flipkart"
    },
    {
        "name": "APPLE iPhone 13 (Pink, 512 GB)",
        "price": "\u20b989,999",
        "rating": "4.7",
        "company": "Flipkart"
    },
    {
        "name": "APPLE iPhone 13 (Green, 512 GB)",
        "price": "\u20b989,999",
        "rating": "4.7",
        "company": "Flipkart"
    },
    {
        "name": "APPLE iPhone 13 (Starlight, 512 GB)",
        "price": "\u20b989,999",
        "rating": "4.7",
        "company": "Flipkart"
    },
    {
        "name": "APPLE iPhone 13 (Midnight, 512 GB)",
        "price": "\u20b989,999",
        "rating": "4.7",
        "company": "Flipkart"
    },
    {
        "name": "APPLE iPhone 13 Pro Max (Graphite, 256 GB)",
        "price": "\u20b91,39,900",
        "rating": "4.6",
        "company": "Flipkart"
    },
    {
        "name": "APPLE iPhone 13 Pro (Gold, 512 GB)",
        "price": "\u20b91,25,999",
        "rating": "4.7",
        "company": "Flipkart"
    },
    {
        "name": "APPLE iPhone 13 Pro Max (Graphite, 1 TB)",
        "price": "\u20b91,55,999",
        "rating": "4.6",
        "company": "Flipkart"
    },
    {
        "name": "APPLE iPhone 13 Pro Max (Silver, 1 TB)",
        "price": "\u20b91,55,999",
        "rating": "4.6",
        "company": "Flipkart"
    },
    {
        "name": "APPLE iPhone 13 Pro Max (Gold, 512 GB)",
        "price": "\u20b91,34,999",
        "rating": "4.6",
        "company": "Flipkart"
    },
    {
        "name": "APPLE iPhone 13 Pro Max (Alpine Green, 256 GB)",
        "price": "\u20b91,39,900",
        "rating": "4.6",
        "company": "Flipkart"
    }
]